The Rise of FinTech,2022,Finansial
Fish Farming: A Complete Guide,1997,Perikanan
Understanding Cryptocurrency,2018,Finansial
Industrial Automation,2008,Industri
Essential Guide to Fitness and Wellness,1997,Kesehatan
Sustainable Animal Farming,2012,Peternakan
Aquatic Ecosystems Management,2023,Perikanan
Innovations in Manufacturing,1995,Industri
Blockchain Fundamentals,1989,Teknologi
Modern Agriculture Practices,2014,Peternakan
The Organic Farming Revolution,1979,Pertanian
Mental Health: A Comprehensive Guide,2006,Kesehatan
Machine Learning Essentials,2010,Teknologi
Animal Husbandry: Basics & Practices,2020,Peternakan
The Future of Work in Technology,2001,Teknologi
Preventive Medicine for Modern Living,2019,Kesehatan
Poultry Farming: A Practical Guide,1978,Peternakan
Global Economics,2005,Finansial
Livestock Health and Diseases,2007,Kesehatan
Manufacturing Excellence,1987,Industri
Fish Health Management,2014,Perikanan
The Future of Agriculture,2004,Pertanian
Supply Chain Management,2009,Industri
Industrial Design Fundamentals,2000,Industri
The Art of Fish Farming,2013,Perikanan
The Healing Power of Nutrition,2021,Kesehatan
Financial Freedom Blueprint,1999,Finansial
Holistic Health: Understanding Wellness,2005,Kesehatan
Principles of Accounting,2001,Finansial
The Science of Animal Nutrition,2020,Peternakan
